"Address 1","Address 2","City","Company","Email","Country","First Name","Last Name","Middle Name","Mobile","State/Province","Postal Code"
"1110 Harlan Court","Apt #100265","Offerman","Social Circle Engineering","NoahCotton_a239b8ba-3f70-4216-8ae6-92e11bd01eaf@gmail.com","Suriname","Noah","Cotton","Dawson","1311667973","Burnell","59035"
"644 Galway Circle","Apt #100435","Cox","Vienna Cafe","AaronConway_0d202d04-c9d2-4eb3-a24a-b56b086695ee@gmail.com","Lithuania","Aaron","Conway","Garcia","1258839174","Wabash","98829"
"1511 Garst Drive","Suite #100133","Carnesville","Winder Industries","BrianBurks_3fecacf2-5573-413b-a933-44436468a58a@gmail.com","Fiji","Brian","Burks","Stein","6479453313","Smithwood","80748"
"1159 Greengold Crescent","Apt #100319","Alamo","Boston Development","ChuckCruz_6c83b049-de4d-4bf5-83b3-06ed7f8c8e69@gmail.com","Jamaica","Chuck","Cruz","Melendez","9563418422","Childrens","27743"
"1735 Wentz Ave","Apt #100501","Reidsville","Irwinton Engineering","PaigeRowe_ed217301-8648-4720-aaf5-a43143b8b1f7@gmail.com","Moldova","Paige","Rowe","Shepard","3931350057","Enon","51575"
"1214 Mckaig Park","Suite #100443","Bronwood","Fort Stewart Bakery","BrendaMcDowell_8b959685-5ffb-4852-adf2-d1e97670c905@gmail.com","Swaziland","Brenda","McDowell","Sandoval","5045965172","Chapman","55687"
"878 Parkwood Drv","Apt #100346","Ocilla","Augusta-Richmond County Landscaping","FloydSnider_bcf63561-edb4-4857-b07e-51a598ae9abd@gmail.com","U.S. Virgin Islands","Floyd","Snider","Cotton","1522410712","Mapleview","62267"
"975 Diagonal Rd","Apt #100274","Alpharetta","Harrietts Bluff Signs","NancyMorse_e17b1e2e-25ed-47e7-abfe-03b8c57511e9@gmail.com","Vatican","Nancy","Morse","McIntosh","0134758224","Rowland","27266"
"1575 Elfin Crescent","Apt #100876","Cumming","Ringgold Software","RogerKidd_d1276638-a5ec-426b-a117-ce3c0c47d1c5@gmail.com","Mexico","Roger","Kidd","Reilly","4837485811","Wise","21117"
"1195 Huntington Heights","Apt #100996","Woodstock","Darien Insurance","JustinLeonard_194b4f74-1526-4977-bb89-f1a8e36205f1@gmail.com","French Guiana","Justin","Leonard","Martin","2450273614","Fayette","10826"
"839 Hartwell St","Apt #100566","Gibson","Strongsville Cafe","MattSpears_e37e3d70-1019-4581-86c1-aedb2872351d@gmail.com","Romania","Matt","Spears","Shepard","5277718172","Erie","11971"
"1416 First Trail","Suite #100635","Garden City","Whitmarsh Island Accounting","BradWall_d27fcc74-0a07-4bdc-bfa0-527407455abe@gmail.com","Turkmenistan","Brad","Wall","Patton","1406721938","Bethesda","74924"
"460 Creekview Blvd","Suite #1009","Doraville","Register Realty","DustyCortez_1382aa74-ff97-4d0f-95f2-b1d8d1d9b172@gmail.com","Anguilla","Dusty","Cortez","Pacheco","2380297022","Cochran","95611"
"1769 Theobald Terrace","Apt #100223","Avondale Estates","Roswell Pro Services","RandyRichardson_850227d6-af83-4cc0-a4e2-babcfa79089c@gmail.com","Aruba","Randy","Richardson","Bray","4103338152","Reeves","22811"
"1375 Turner Ave","Suite #100107","Glennville","Fort Valley Realty","MotherThornton_12b0bc9c-6a40-4013-b2c0-edbf1aea7204@gmail.com","Reunion","Mother","Thornton","Scott","2591328129","Hickam","90823"
"1165 Summit Station","Suite #100240","Ailey","Cox Medical supplies","ShaunHawkins_7628ac72-662c-451f-bb5d-1a09edeebb51@gmail.com","Uruguay","Shaun","Hawkins","Pena","8467933783","Dragoo","99982"
"1711 Southard Boulevard","Apt #10083","Camilla","Twin City Engineering","JennyWeeks_c5892518-e8a5-42c5-a88e-962361b19d83@gmail.com","Lebanon","Jenny","Weeks","Gardner","3840391984","Kelly","26000"
"562 Sunflower Ln","Suite #100158","Franklin","Kirkland Engineering","KatherineAnderson_93972f10-ff60-4298-ac32-676802f2cca0@gmail.com","Western Sahara","Katherine","Anderson","Flores","5684284486","Gayla","59036"
"1611 Titus Lane","Apt #10060","Springfield","Blue Ridge Software","RodneyMcClain_97fa281a-8a16-4218-984f-c3fc5ff1528b@gmail.com","Bangladesh","Rodney","McClain","Castro","8194472086","Graffis","90019"
"1013 Bateman Lane","Apt #100767","Lovejoy","Cairo Realty","ConnieThornton_74e93d18-5805-4cac-82d4-79233683b72f@gmail.com","Isle Of Man","Connie","Thornton","Cline","9399890815","Prospect","21828"
"522 Lookout Square","Suite #100322","Lake Park","Barnesville Bakery","CarolynMcGowan_216bd329-8b49-4002-8f46-ad79aaa07327@gmail.com","Congo","Carolyn","McGowan","Ratliff","9526792277","Findley","43591"
"1056 Stansberry Terrace","Suite #100822","Darien","Poulan Cafe","GlennMcDowell_e35240a5-878e-4bfd-b6ca-a72ac7c2bb4b@gmail.com","Brunei","Glenn","McDowell","Gallegos","6563281310","Newman","11560"
"761 Fitzgerald Crescent","Suite #100316","Harding","Baden Engineering","BethWatson_a0db5bd0-0104-4622-b3b9-b9de1baeb347@gmail.com","Jordan","Beth","Watson","Dyer","0824403419","Mill","78644"
"1399 Hospital Station","Suite #100276","Lanier","Axson Insurance","AlyssaBradshaw_76989660-d354-4580-bee4-9a813779a112@gmail.com","South Africa","Alyssa","Bradshaw","Sanchez","5465013307","Dana","17581"
"1329 Dawson Ln","Apt #100231","Hickox","Decatur Insurance","BillHendrix_cfdeada9-2146-493d-95de-2a4cd8f2e112@gmail.com","Guinea-Bissau","Bill","Hendrix","Moreno","5478949380","Penney","64724"
"623 Ewing Station","Suite #100772","Westwood","Douglasville Industries","SueFox_3b67708b-d086-40e7-a964-e4ff94f9fde8@gmail.com","Guinea","Sue","Fox","Bond","4902699236","Hampton","47721"
"1500 Bonnair Avenue","Suite #10068","Bainbridge","Oxford Travel","SaraSloan_26d87f14-c6f7-44c2-9ce6-3086b9bb08b5@gmail.com","South Georgia And The South Sandwich Islands","Sara","Sloan","Whitney","4306233532","Pleasantville","36923"
"1389 Lindsay Way","Apt #100671","Haylon","Walthourville Pro Services","JeanFlynn_e5f4d847-82d5-4125-ae07-5deef96522a8@gmail.com","Marshall Islands","Jean","Flynn","Bishop","9780558902","Cornstill","10750"
"1531 Bridge Avenue","Apt #100150","Leesburg","Maxeys Development","WandaGoff_1e552fa1-8f77-4f5b-8bb8-f7453d62fdb0@gmail.com","Armenia","Wanda","Goff","Bryant","3293705229","Blackstone","53914"
"936 Heritage Terrace","Suite #100922","Riverdale","Buford Manufacturing","JanetSears_d5b40948-7662-4259-99df-0673ef71a505@gmail.com","Madagascar","Janet","Sears","Bartlett","5460980570","Dallman","74677"
"1038 Merlin Boulevard","Apt #100219","Metter","Alapaha Signs","SteveGuy_fb2a59f4-0e36-401a-ab6e-161df4335d7d@gmail.com","Georgia","Steve","Guy","Schneider","5854785453","Jonathan","71836"
"571 Bellwood Parkway","Apt #10016","Glennville","Glenwood Realty","SethValencia_8297e129-2ded-4a06-9259-eb590f310993@gmail.com","Svalbard And Jan Mayen","Seth","Valencia","Rice","8260892037","Hartman","80597"
"880 Samuel Blvd","Suite #10045","Lexington","Blue Ridge Bakery","JohnDunn_67d868c5-7b66-475a-8919-bd4583a923e6@gmail.com","Sierra Leone","John","Dunn","Vargas","3445458979","Cattail","20943"
"562 Reeves Drive","Apt #100377","Social Circle","Buford Engineering","DarlaWallace_e4b2aea8-142f-4788-af6e-b7a9d7098326@gmail.com","Togo","Darla","Wallace","Kelly","2431930022","Salgarber","21760"
"989 Meadowbrook Path","Suite #100445","Tucker","Stillmore Motors","TabithaCampos_7d9d096d-1cdf-439b-87c5-0ccda6950b1d@gmail.com","Barbados","Tabitha","Campos","Macdonald","3705414625","Langan","48624"
"1743 Blue Road","Apt #100230","Centerville","Rockmart Furnishings","CarolPatrick_fd46af84-9ab1-4d7d-9c94-574599471329@gmail.com","Jamaica","Carol","Patrick","Evans","0729182405","Babbs","94490"
"625 Skyline Ridge","Apt #100500","Oxford","Jesup Textiles","RebeccaHarrington_007525b7-962b-45bb-a4fe-d7829e899bac@gmail.com","British Indian Ocean Territory","Rebecca","Harrington","Cross","9816696675","Harmony","96599"
"1224 Cleve Boulevard","Apt #100814","Reidsville","Ridgeville Textiles","FrancisWalker_5ed0bb31-e9d4-47d1-b348-60a5b1a21197@gmail.com","Poland","Francis","Walker","Sampson","0822013693","Sandra","66051"
"1399 Ridgeview Parkway","Apt #100198","Kings Bay Base","Adel Medical supplies","EricHebert_85b23911-7bd9-4550-8996-4b4b3323d3d7@gmail.com","Tonga","Eric","Hebert","Clark","6301014053","Mcclure","57494"
"776 Beverly Boulevard","Suite #100681","Arlington","Pearson Industries","BrandyColon_6ccd6ba0-232f-4b2e-9a70-c9b2a5d372b4@gmail.com","Argentina","Brandy","Colon","Mullen","7457424830","Village","55049"
"1637 Bonnair Blvd","Apt #100429","Vienna","Valona Cafe","MargaretBrooks_1ea658c1-97c4-42be-ae46-348e2acf5ad9@gmail.com","Gambia","Margaret","Brooks","Garcia","7922070506","Farson","67657"
"1743 Ederer Road","Suite #100159","Lawrenceville","Rentz Furnishings","DeannaMcBride_2e0ba884-f2ef-4622-9f2b-664fe1768a68@gmail.com","Zambia","Deanna","McBride","Hurley","2482630037","Carroll","91474"
"1760 Spellman Avenue","Apt #100573","Gumbranch","Dasher Motors","KellyCarney_ef91651b-be2e-4716-ba8b-f958f5055c92@gmail.com","Congo","Kelly","Carney","Rice","3166335239","Rustle","85612"
"1200 Roadayle Ln","Apt #100149","Brookfield","Phillipsburg Engineering","DonnaKirkland_b0e7498d-fde5-441e-b017-0d1b4df7ad4f@gmail.com","Netherlands","Donna","Kirkland","Newman","6112673153","Mead","21677"
"1016 Carson Ridge","Suite #100858","Pembroke","Sugar Hill Medical supplies","WalterPickett_98c79590-46f3-45fb-8835-a48f636ef7b1@gmail.com","Yemen","Walter","Pickett","Wooten","1182595452","Severt","80036"
"1414 Florence Avenue","Suite #100876","Bemiss","Irwinville Medical supplies","SteveFletcher_25e0e825-ddd4-43eb-b127-dee107b7ddb9@gmail.com","Uzbekistan","Steve","Fletcher","Warren","2098440628","Johnstown","16496"
"809 Strawberry Rd","Apt #1004","Denmark","Hiram Studios","AudreyHester_b5d88fa7-b576-4264-b397-a371b184776e@gmail.com","Uganda","Audrey","Hester","Lane","5074623840","Hawk","44437"
"1283 Perry Ridge","Suite #100231","Fort Oglethorpe","Morven Services","ChasityReid_b5c3c280-8f56-4845-8c4b-9ef461d7a907@gmail.com","Zambia","Chasity","Reid","Marks","2426457209","Race","33858"
"651 Neptune Crescent","Suite #100291","Sandersville","Suwanee Motor Services","GinaAguirre_3b0d65a6-34b4-425a-8c5b-39d0f9bcbc98@gmail.com","Wallis And Futuna","Gina","Aguirre","Cain","5575896646","Jenkins","14249"
"526 Hanson Circle","Suite #100904","Fairmont","Alamo Accounting","GeneRice_7bf96b93-05ff-4e74-9975-e748f7f3328f@gmail.com","Hungary","Gene","Rice","Deleon","8570328956","Jordan","33363"
"1032 Lock Boulevard","Apt #100228","Powder Springs","Bowman Manufacturing","JeffreyCollins_0a741aea-bb16-49dc-9eef-78cdf2ccce41@gmail.com","Barbados","Jeffrey","Collins","Small","0519726776","Indianola","42497"
"472 Scarborough Drv","Apt #1006","Tifton","Baden Development","RuthMcGuire_505448fc-7b4e-44e4-ac19-ee36a3ff6e14@gmail.com","Bolivia","Ruth","McGuire","Christian","3159557104","Coronado","64147"
"473 Johnson Crescent","Apt #100255","Oakwood","Sale City Bakery","GlenDickerson_d5c6e012-ec48-413b-a4db-da573643265d@gmail.com","Wallis And Futuna","Glen","Dickerson","Burns","5680853994","Boston","72376"
"1098 Ruth Crescent","Suite #10079","Columbus","Lagrange Gymnasium","MindyLeonard_b30a7d31-6f8f-4475-ac99-23a93d039219@gmail.com","Liechtenstein","Mindy","Leonard","Hoffman","5338787400","Villa","64350"
"1036 Colburn Road","Suite #100379","Oxford","Doerun Realty","JefferySuarez_67319e88-43ad-413c-b049-c206ada90ab8@gmail.com","Australia","Jeffery","Suarez","Holman","0659705007","Carl","20434"
"1205 Whaley Blvd","Suite #100517","Attapulgus","Hepzibah Accounting","GingerWynn_27a98a45-92d8-4589-b4aa-4c331956542e@gmail.com","San Marino","Ginger","Wynn","Ortiz","1022305345","Kinzel","57126"
"485 Aeryview Road","Apt #100632","Americus","Country Club Estate Signs","JoannMcNeil_0a0d53dd-6996-4a06-9e79-a6db42338d26@gmail.com","Saint Barthélemy","Joann","McNeil","Vazquez","0585979141","Orchard","45131"
"1326 Westmoor St","Apt #100415","Odum","Stockton Accounting","LeahGarrett_6f3fe78b-fa05-466c-b88a-2110aa65104e@gmail.com","New Caledonia","Leah","Garrett","McLean","4275724165","Lucasburg","94023"
"615 Garst Terrace","Apt #100759","Adel","West Point Accounting","ClintDavis_83a1d431-f53e-4412-af8f-339f3a60d35c@gmail.com","Netherlands","Clint","Davis","Garrison","1256871647","Codell","36887"
"1292 Merlin Parkway","Suite #100790","Groveland","Dasher Furnishings","LawrenceSkinner_a5237700-ce74-4740-aaec-2aba1249c9fa@gmail.com","Syria","Lawrence","Skinner","Forbes","5017257897","Rustle","79169"
"822 Armstrong Ave","Apt #100697","Kite","Hickox Software","VeronicaGillespie_0bcbed7f-8208-4d6a-913c-14cc6572fa91@gmail.com","Mozambique","Veronica","Gillespie","Hayden","8934610807","Cannon","94446"
"545 Weedon Run","Apt #100361","Twin Peaks","Parrott Manufacturing","RaymondFranklin_ef8445f1-9c4a-4c9c-a44e-3f2d0a4f89b8@gmail.com","Burundi","Raymond","Franklin","Cabrera","3116458287","Jenkins","26895"
"1084 Memory Street","Suite #100290","Rochelle","Cecil Manufacturing","RoySalazar_6e4429b2-9940-4742-ae54-f359301e672a@gmail.com","Burundi","Roy","Salazar","Petty","4863273072","Arlington","99594"
"1458 Court Drive","Apt #100750","Sparta","Dalton Development","MindyStanley_a182b17b-0937-48b8-9e43-7b6b38062e34@gmail.com","Zambia","Mindy","Stanley","Le","7200311829","Overlook","95005"
"1317 Bexley Blvd","Apt #100800","Unadilla","Darien Industries","LindseyPruitt_ee7f7662-2d9c-438e-b179-fad33218e67b@gmail.com","Cape Verde","Lindsey","Pruitt","McNeil","1587825044","Denmark","75511"
"1340 Dellwood Drv","Suite #100839","Winder","Smyrna Landscaping","CathyMoody_b00992cf-eb92-4629-9932-3a46a7e2208b@gmail.com","Djibouti","Cathy","Moody","Preston","2980478289","Fleming","39022"
"1600 Maplecraft Road","Suite #100125","Glennville","Meldrim Office supplies","LloydBarker_a111876c-c16c-46fb-9fd8-23768fdd30f0@gmail.com","Turkmenistan","Lloyd","Barker","Donaldson","4330490395","Cannelville","99895"
"789 Bagley Ln","Apt #100262","Blairsville","Rentz Gymnasium","TaylorCollins_ac9d1108-6fbd-4053-99a9-ac05bf1fdb3b@gmail.com","Uzbekistan","Taylor","Collins","Pennington","1318450712","Hickam","61303"
"548 Brewers Court","Suite #100350","Jeffersonville","Tucker Engineering","RalphMcDaniel_6bbef84e-3ca5-4f14-b018-c16d756fe428@gmail.com","Svalbard And Jan Mayen","Ralph","McDaniel","Pittman","5478925651","Avon","50834"
"490 Village Street","Apt #100381","Warrenton","Brunswick Manufacturing","MelindaMcCarthy_731a753a-b64b-476b-b875-ef49e74e225f@gmail.com","Grenada","Melinda","McCarthy","Peterson","7114076744","Potts","75121"
"1675 Gallia Drive","Suite #100167","Iron City","Norman Park Manufacturing","DebraPuckett_c8d073e2-bf8f-4a53-9ada-17d854134edf@gmail.com","United Kingdom","Debra","Puckett","Young","5250809566","Mckaig","13316"
"987 Gant Ln","Apt #100941","Springfield","Newnan Landscaping","CarolKemp_cccc39bc-cda6-4401-bb00-e6397787eb45@gmail.com","Macedonia","Carol","Kemp","Berg","9795244673","Athens","71430"
"678 Rollins Drive","Suite #100780","Meigs","Thomasville Signs","JeannieJuarez_b012116b-dcc2-4e8b-9b37-a7787add67f0@gmail.com","Georgia","Jeannie","Juarez","Copeland","9424094126","Ellsworth","46694"
"592 Bridge Blvd","Apt #10073","Chester","Palmetto Cafe","SummerLee_f371b8ce-54a5-40b4-818f-b5f1e05abecc@gmail.com","Mauritius","Summer","Lee","Daniel","4010981704","Mast","82834"
"1702 Belmont Ave","Suite #100957","Alamo","Withers Travel","WilliamHester_f3343b07-0731-4d00-b6c2-26ff164ce0e3@gmail.com","Niue","William","Hester","Holcomb","8437681310","Stoutsville","67522"
"1367 Lectric Circle","Apt #100416","Carnesville","Blairsville Services","BobHale_54ca4584-f0c7-47f3-ac40-c93b05de0385@gmail.com","Reunion","Bob","Hale","Torres","5487196376","Chatauqua","42918"
"979 Faircrest Rd","Apt #100254","Camilla","Flemington Gymnasium","HollyBrady_e047f0de-4dd5-42b3-bc75-b6c84cb65a58@gmail.com","Faroe Islands","Holly","Brady","Franklin","3623025500","Moccasin","42435"
"452 Eppley Court","Suite #100797","Unionville","Berlin Pro Services","GloriaShaffer_14cb7121-1429-4f59-b7ec-bd6408bbb16c@gmail.com","Togo","Gloria","Shaffer","Banks","6667608325","Parish","68956"
"1211 Imlay Ave","Apt #100321","Kite","Osterfield Signs","MelissaMolina_ec70ee6c-6fa3-4174-838b-8499940169fc@gmail.com","New Zealand","Melissa","Molina","Fox","3191935710","Kibler","37272"
"796 Dickinson St","Apt #100436","Uvalda","Kite Development","GaryRhodes_c50e53ec-bab0-4260-afc1-9d48b009c2a8@gmail.com","Cayman Islands","Gary","Rhodes","Morton","9254439227","Alfred","11036"
"1410 Licking Street","Apt #100497","Bloomingdale","Baldwin Landscaping","FloydMcKinney_a84b3afe-583f-4071-bce2-37b3d2f655e9@gmail.com","Bhutan","Floyd","McKinney","Valenzuela","3834496551","Hunt","47893"
"1088 Beard Road","Suite #100545","Funston","Roswell Furnishings","FeliciaClark_41597628-ba1e-40c9-b112-bb161752ecc3@gmail.com","Niger","Felicia","Clark","Sosa","1506506630","Hartford","90436"
"1554 Harmon Court","Suite #100637","Alpharetta","Ray City Pro Services","DixieThomas_57a35d9c-661f-4218-8ced-3d498edc26bd@gmail.com","Saint Lucia","Dixie","Thomas","Hernandez","5090157127","Huey","61310"
"1353 Meadowood Park","Suite #100559","Tybee Island","Crescent Medical supplies","PaulCastro_fe25d11b-de65-4147-8992-cc5e4e07fbe7@gmail.com","Honduras","Paul","Castro","Blevins","4338686967","Ildewood","81886"
"999 Charlene Parkway","Suite #100526","Dock Junction","Bowman Landscaping","ThelmaPuckett_e894ca2f-9f9d-488c-9ee4-df8dd9ad9dd1@gmail.com","Taiwan","Thelma","Puckett","Kirk","6049218303","Kensington","23369"
"1301 Idaho Trail","Apt #100996","Gainesville","Leesburg Services","VivianLawson_11da155c-4146-4615-9775-fcbbd0a6f432@gmail.com","Antarctica","Vivian","Lawson","McCarty","6244587825","Decrow","64480"
"1448 Hudson Street","Suite #100446","Dallas","Crawfordville Medical supplies","FatherLowery_c0233198-a056-4d74-8bba-74f08ea2a31b@gmail.com","Algeria","Father","Lowery","Peters","0588638533","Swans","81522"
"677 Richwood Ln","Apt #100292","Hamilton","Bemiss Furnishings","ShawnParrish_d3d32257-52d3-455c-861d-3a6d4d5a0799@gmail.com","Brazil","Shawn","Parrish","Hatfield","0469172252","Boggs","88920"
"1452 Leslie Court","Suite #100158","Berkeley Lake","Tyrone Manufacturing","ShirleyLarson_c2240fde-8bb2-42a0-874d-443b18762165@gmail.com","Mayotte","Shirley","Larson","Good","9218104703","Range","40587"
"585 Mill Terrace","Suite #100514","Guyton","Hagan Accounting","AmberRivas_f01fbf2d-7acd-4feb-be90-51618808c233@gmail.com","Jordan","Amber","Rivas","Mercer","6938930493","Michael","67698"
"536 Martinel Heights","Suite #100827","Cordele","Crawfordville Motors","LauraAlvarado_70e6acd2-5a15-4e96-b8c2-759d4e9ef973@gmail.com","Gabon","Laura","Alvarado","Moody","1972985609","Stalder","71305"
"1146 Toni Blvd","Apt #100966","Griffin","Kite Furnishings","BethanyBonner_431763fd-f802-4a34-82e6-ff0fd88f9c11@gmail.com","Brunei","Bethany","Bonner","Potts","5429723603","Lambert","84208"
"1513 Lawson Rd","Apt #100798","Vienna","Walthourville Office supplies","BrendaGates_70b544e9-5599-4e1c-aa5e-bfe8bd8f0354@gmail.com","Libya","Brenda","Gates","Velazquez","6631369970","Auburn","79187"
"1747 Spry Drive","Apt #100284","Newton","Johns Creek Signs","ShannaDowns_e37d0b0b-beb8-4233-9340-60a890a29871@gmail.com","Finland","Shanna","Downs","Vasquez","5860797605","Musselman","83750"
"859 Harshman Drive","Suite #100501","Midway","Mountain Park Industries","HowardBrock_232ee288-95a2-4260-b73c-917c1144ccc5@gmail.com","Cape Verde","Howard","Brock","Spence","9998483817","Grandview","95027"
"948 Ireland Park","Suite #100970","Watkinsville","Register Motors","ChristinaPadilla_de45c4a3-97df-4ac7-852a-a7c5d163c876@gmail.com","Angola","Christina","Padilla","Chaney","4906050679","Eastmoor","54311"
"598 Grove Terrace","Suite #100394","Edith","Thelma Textiles","TimmyMcKinney_b38c3cf6-1c4f-4b48-8c76-4575881d281e@gmail.com","Åland Islands","Timmy","McKinney","Gonzalez","8126767515","Elfin","71079"
"1036 Dennis Trail","Suite #100236","Waverly","Boston Motor Services","CarlaDavid_3403518d-d054-42bc-86fe-bb89c05b8e2a@gmail.com","Italy","Carla","David","Stein","7062475792","Belmont","62688"
"1305 Eastview Square","Suite #100663","Bristol","Sugar Hill Signs","SkylerMercado_28cf6e13-ce0d-4d9d-9166-7b29de88f7bc@gmail.com","Congo","Skyler","Mercado","Cote","6502892426","Codell","86074"
"1145 Sunset Ave","Suite #100119","Nelson","Ellabelle Development","RickWhitehead_e7227c06-422b-4441-9f36-98c4feac261a@gmail.com","Bulgaria","Rick","Whitehead","Logan","3233562854","Taylor","51438"
"501 Licking Station","Suite #100123","Austell","Carnesville Cafe","RockyDale_1e19e4ef-6aa9-42d7-8033-b569f6308cac@gmail.com","Taiwan","Rocky","Dale","Parrish","4573009193","Moonlight","28193"
